,AAPL,MSFT,TSLA
elasticity_f,0.1599999964237213,-0.46000000834465027,0.30000001192092896
elasticity_p,-0.14000000059604645,-0.27000001072883606,-0.3799999952316284
